variant_id,gene,mutation,hgvs_c,hgvs_p,position,ref,alt,disease,clinical_significance,variant_type,sequence,label,version
ClinVar_4525835,HBB,NM_000518.5(HBB):c.9T>G (p.His3Gln),c.9T>G,H3Q,8,T,G,NM_000518.5(HBB):c.9T>G (p.His3Gln),likely benign,ClinVar_benign,ATGGTGCAGCTGACTCCTGAGGAGAAGTCTGCCGTTACTGCCCTGTGGGGCAAGGTGAACGTGGATGAAGTTGGTGGTGAGGCCCTGGGCAGGTTGGTATCAAGG,0,4
ClinVar_4071470,HBB,NM_000518.5(HBB):c.82G>A (p.Ala28Thr),c.82G>A,A28T,81,G,A,NM_000518.5(HBB):c.82G>A (p.Ala28Thr),likely pathogenic,ClinVar_pathogenic,ATGGTGCATCTGACTCCTGAGGAGAAGTCTGCCGTTACTGCCCTGAGGGGCAAGGTGAACGTGGATGAAGTTGGTGGTGAGACCCTGGGCAGGTTGGTATCAAGGTTACAAGACAGGTTTAAGGAGACCAATAGAAACTGGGCATGTGGAGACAGAGAAGACTCTTGGGTTTCTGATAGGCACTGA,1,4
ClinVar_3777010,HBB,NM_000518.5(HBB):c.[70G>T;79G>A],c.79G>A,"E27K, V24F",78,G,A,NM_000518.5(HBB):c.[70G>T;79G>A],pathogenic,ClinVar_pathogenic,ATGGTGCATCTGACTCCTGAGGAGAAGTCTGCCGTTACTGCCCTGTGGGGCAAGGTGAACGTGGATGAAGTTGGTGGTAAGGCCCTGGGCAGGTTGGTATCAAGGTTACAAGACAGGTTTAAGGAGACCAATAGAAACTGGGCATGTGGAGACAGAGAAGACTCTTGGGTTTCTGATAGGCACTGACT,1,4
ClinVar_3766927,HBB,NM_000518.5(HBB):c.92G>T (p.Arg31Met),c.92G>T,R31M,91,G,T,NM_000518.5(HBB):c.92G>T (p.Arg31Met),likely pathogenic,ClinVar_pathogenic,ATGGTGCATCTGACTCCTGAGGAGAAGTCTGCCGTTACTGCCCTGTGGGGCAAGGTGAACGTGGATGAAGTTGGTGGTGAGGCCCTGGGCATGTTGGTATCAAGGTTACAAGACAGGTTTAAGGAGACCAATAGAAACTGGGCATGTGGAGACAGAGAAGACTCTTGGGTTTCTGATAGGCACTGACT,1,4
ClinVar_2867760,HBB,NM_000518.5(HBB):c.84C>A (p.Ala28=),c.84C>A,,83,C,A,NM_000518.5(HBB):c.84C>A (p.Ala28=),likely benign,ClinVar_benign,ATGGTGCATCTGACTCCTGAGGAGAAGTCTGCCGTTACTGCCCTGTGGGGCAAGGTGAACGTGGATGAAGTTGGTGGTGAGGCACTGGGCAGGTTGGTATCAAGGTTACAAGACAGGTTTAAGGAGACCAATAGAAACTGGGCATGTGGAGACAGAGAAGACTCTTGGGTTTCTGATAGGCACTGACTCT,0,4
ClinVar_2573435,HBB,NM_000518.5(HBB):c.12G>A (p.Leu4=),c.12G>A,,11,G,A,NM_000518.5(HBB):c.12G>A (p.Leu4=),likely benign,ClinVar_benign,ATGGTGCATCTAACTCCTGAGGAGAAGTCTGCCGTTACTGCCCTGTGGGGCAAGGTGAACGTGGATGAAGTTGGTGGTGAGGCCCTGGGCAGGTTGGTATCAAGGTTACAAGACAGGT,0,4
ClinVar_2035733,HBB,NM_000518.5(HBB):c.45G>T (p.Leu15=),c.45G>T,,44,G,T,NM_000518.5(HBB):c.45G>T (p.Leu15=),likely benign,ClinVar_benign,ATGGTGCATCTGACTCCTGAGGAGAAGTCTGCCGTTACTGCCCTTTGGGGCAAGGTGAACGTGGATGAAGTTGGTGGTGAGGCCCTGGGCAGGTTGGTATCAAGGTTACAAGACAGGTTTAAGGAGACCAATAGAA,0,4
ClinVar_1671411,HBB,NM_000518.5(HBB):c.87G>A (p.Leu29=),c.87G>A,,86,G,A,NM_000518.5(HBB):c.87G>A (p.Leu29=),likely benign,ClinVar_benign,ATGGTGCATCTGACTCCTGAGGAGAAGTCTGCCGTTACTGCCCTGTGGGGCAAGGTGAACGTGGATGAAGTTGGTGGTGAGGCCCTAGGCAGGTTGGTATCAAGGTTACAAGACAGGTTTAAGGAGACCAATAGAAACTGGGCATGTGGAGACAGAGAAGACTCTTGGGTTTCTGATAGGC,0,4
ClinVar_1669251,HBB,NM_000518.5(HBB):c.78T>C (p.Gly26=),c.78T>C,,77,T,C,NM_000518.5(HBB):c.78T>C (p.Gly26=),likely benign,ClinVar_benign,ATGGTGCATCTGACTCCTGAGGAGAAGTCTGCCGTTACTGCCCTGTGGGGCAAGGTGAACGTGGATGAAGTTGGTGGCGAGGCCCTGGGCAGGTTGGTATCAAGGTTACAAGACAGGTTTAAGGAGACCAATAGAAACTGGGCATGTGGAGACAGAGAAGACTCTTGG,0,4
ClinVar_1635143,HBB,NM_000518.5(HBB):c.78T>G (p.Gly26=),c.78T>G,,77,T,G,NM_000518.5(HBB):c.78T>G (p.Gly26=),likely benign,ClinVar_benign,ATGGTGCATCTGACTCCTGAGGAGAAGTCTGCCGTTACTGCCCTGTGGGGCAAGGTGAACGTGGATGAAGTTGGTGGGGAGGCCCTGGGCAGGTTGGTATCAAGGTTACAAGACAGGTTTAAGGAGACCAATAGAAACTGGGCATGTGGAGACAGAGAAGACTCTTGGG,0,4
ClinVar_1620530,HBB,NM_000518.5(HBB):c.18T>C (p.Pro6=),c.18T>C,,17,T,C,NM_000518.5(HBB):c.18T>C (p.Pro6=),likely benign,ClinVar_benign,ATGGTGCATCTGACTCCCGAGGAGAAGTCTGCCGTTACTGCCCTGTGGGGCAAGGTGAACGTGGATGAAGTTGGTGGTGAGGCCCTGGGCAGGTTGGTATCAAGGTTACAAGA,0,4
ClinVar_1612817,HBB,NM_000518.5(HBB):c.6G>T (p.Val2=),c.6G>T,,5,G,T,NM_000518.5(HBB):c.6G>T (p.Val2=),likely benign,ClinVar_benign,ATGGTTCATCTGACTCCTGAGGAGAAGTCTGCCGTTACTGCCCTGTGGGGCAAGGTGAACGTGGATGAAGTTGGTGGTGAGGCCCTGGGCAGGTTGGTA,0,4
ClinVar_1568873,HBB,NM_000518.5(HBB):c.27G>A (p.Lys9=),c.27G>A,,26,G,A,NM_000518.5(HBB):c.27G>A (p.Lys9=),likely benign,ClinVar_benign,ATGGTGCATCTGACTCCTGAGGAGAAATCTGCCGTTACTGCCCTGTGGGGCAAGGTGAACGTGGATGAAGTTGGTGGTGAGGCCCTGGGCAGGTTGGTATCAAGGTTACAAGACAGGTTTAAGGAGACCAATA,0,4
ClinVar_1538061,HBB,NM_000518.5(HBB):c.54G>A (p.Lys18=),c.54G>A,,53,G,A,NM_000518.5(HBB):c.54G>A (p.Lys18=),likely benign,ClinVar_benign,ATGGTGCATCTGACTCCTGAGGAGAAGTCTGCCGTTACTGCCCTGTGGGGCAAAGTGAACGTGGATGAAGTTGGTGGTGAGGCCCTGGGCAGGTTGGTATCAAGGTTACAAGACAGGTTTAAGGAGACCAATAGAAACTGGGCATGTG,0,4
ClinVar_1331036,HBB,NM_000518.5(HBB):c.16C>G (p.Pro6Ala),c.16C>G,P6A,15,C,G,NM_000518.5(HBB):c.16C>G (p.Pro6Ala),likely benign,ClinVar_benign,ATGGTGCATCTGACTGCTGAGGAGAAGTCTGCCGTTACTGCCCTGTGGGGCAAGGTGAACGTGGATGAAGTTGGTGGTGAGGCCCTGGGCAGGTTGGTATCAAGGTTACAA,0,4
ClinVar_995801,HBB,NM_000518.5(HBB):c.40G>A (p.Ala14Thr),c.40G>A,A14T,39,G,A,NM_000518.5(HBB):c.40G>A (p.Ala14Thr),benign,ClinVar_benign,ATGGTGCATCTGTCTCCTGAGGAGAAGTCTGCCGTTACTACCCTGTGGGGCAAGGTGAACGTGGATGAAGTTGGTGGTGAGGCCCTGGGCAGGTTGGTATCAAGGTTACAAGACAGGTTTAAGGAGACCAATAGAAACTGGGCAT,0,4
ClinVar_933190,HBB,NM_000518.5(HBB):c.21G>A (p.Glu7=),c.21G>A,,20,G,A,NM_000518.5(HBB):c.21G>A (p.Glu7=),likely benign,ClinVar_benign,ATGGTGCATCTGACTCCTGAAGAGAAGTCTGCCGTTACTGCCCTGTGGGGCAAGGTGAACGTGGATGAAGTTGGTGGTGAGGCCCTGGGCAGGTTGGTATCAAGGTTACAAGACAGGTTTAAGGAGACCA,0,4
ClinVar_928760,HBB,NM_000518.5(HBB):c.87G>C (p.Leu29=),c.87G>C,,86,G,C,NM_000518.5(HBB):c.87G>C (p.Leu29=),likely benign,ClinVar_benign,ATGGTGCATCTGACTCCTGAGGAGAAGTCTGCCGTTACTGCCCTGTGGGGCAAGGTGAACGTGGATGAAGTTGGTGGTGAGGCCCTCGGCAGGTTGGTATCAAGGTTGCAAGACAGGTTTAAGGAGACCAATAGAAACTGGGCATGTGGAGACAGAGACGACTCTTGGGTTTCTGATAGGCACTGACTCT,0,4
ClinVar_869359,HBB,NM_000518.5(HBB):c.67G>T (p.Glu23Ter),c.67G>T,E23*,66,G,T,NM_000518.5(HBB):c.67G>T (p.Glu23Ter),pathogenic,ClinVar_pathogenic,ATGGTGCATCTGACTCCTGAGGAGAAGTCTGCCGTTACTGCCCTGTGGGGCAAGGTGAACGTGGATTAAGTTGGTGGTGAGGCCCTGGGCAGGTTGGTATCAAGGTTACAAGACAGGTTTAAGGAGACCAATAGAAACTGGGCATGTGGAGACAGAGAAGACTCTTGGGTTTCTGA,1,4
ClinVar_869316,HBB,NM_000518.5(HBB):c.3G>T (p.Met1Ile),c.3G>T,M1I,2,G,T,NM_000518.5(HBB):c.3G>T (p.Met1Ile),likely pathogenic,ClinVar_pathogenic,ATTGTGCATCTGACTCCTGAGGAGAAGTCTGCCGTTACTGCCCTGTGGGGCAAGGTGAACGTGGATGAAGTTGGTGGTGAGGCCCTGGGCAGGTTGGTATCAAGGTT,1,4
ClinVar_869315,HBB,NM_000518.5(HBB):c.3G>C (p.Met1Ile),c.3G>C,M1I,2,G,C,NM_000518.5(HBB):c.3G>C (p.Met1Ile),pathogenic,ClinVar_pathogenic,ATCGTGCATCTGACTCCTGAGGAGAAGTCTGCCGTTACTGCCCTGTGGGGCAAGGTGAACGTGGATGAAGTTGGTGGTGAGGCCCTGGGCAGGTTGG,1,4
ClinVar_869271,HBB,NM_000518.5(HBB):c.22G>T (p.Glu8Ter),c.22G>T,E8*,21,G,T,NM_000518.5(HBB):c.22G>T (p.Glu8Ter),pathogenic,ClinVar_pathogenic,ATGGTGCATCTGACTCCTGAGTAGAAGTCTGCCGTTACTGCCCTGTGGGGCAAGGTGAACGTGGATGAAGTTGGTGGTGAGGCCCTGGGCAGGTTGGTATCAAGGTTACAAGACAGGTTTAAGGAGACCAA,1,4
ClinVar_869243,HBB,NM_000518.5(HBB):c.91A>G (p.Arg31Gly),c.91A>G,R31G,90,A,G,NM_000518.5(HBB):c.91A>G (p.Arg31Gly),pathogenic/likely pathogenic,ClinVar_pathogenic,ATGGTGCATCTGACTCCTGAGGAGAAGTCTGCCGTTACTGCCCTGTGGGGCAAGGTGAACGGGGATGAAGTTGGTGGTGAGGCCCTGGGCGGGTTGGTATCAAGGTTACAAGGCAGGTTTAAGGAGACCAATAGAAACTGGGCATGTGGAGACAGAGAAGACTCTTGGGTTTCTGATAGGCACT,1,4
ClinVar_869231,HBB,NM_000518.5(HBB):c.1A>C (p.Met1Leu),c.1A>C,M1L,0,A,C,NM_000518.5(HBB):c.1A>C (p.Met1Leu),pathogenic/likely pathogenic,ClinVar_pathogenic,CTGGTGCATCTGACTCCTGAGGAGAAGTCTGCCGTTACTGCCCTGTGGGGCAAGGTGAACGTGGATGAAGTTGGTGGTGAGGCCCTGGGCAGGTTGGTATCAAGG,1,4
ClinVar_869230,HBB,NM_000518.5(HBB):c.19G>T (p.Glu7Ter),c.19G>T,E7*,18,G,T,NM_000518.5(HBB):c.19G>T (p.Glu7Ter),pathogenic,ClinVar_pathogenic,ATGGTGCATCTGACTCCTTAGGAGAAGTCTGCCGTTACTGCCCTGTGGGGCAAGGTGAACGTGGATGAAGTTGGTGGTGAGGCCCTGGGCAGGTTGGTATCAAGGTTACAAGACAGGTTTAA,1,4
ClinVar_811787,HBB,NM_000518.5(HBB):c.51C>T (p.Gly17=),c.51C>T,,50,C,T,NM_000518.5(HBB):c.51C>T (p.Gly17=),pathogenic/likely pathogenic,ClinVar_pathogenic,ATGGTGCATCTGACTCCTGAGGAGAAGTCTGCCGTTACTGCCCTGTGGGGTAAGGTGAACGTGGATGAAGTTGGTGGTGAGGCCCTGGGCAGGTTGGTATCAAGGTTACAAGACAGGTTTAAGGAGACCAATAGAAACTGGGCACGTGGAGACAGAGAA,1,4
ClinVar_794722,HBB,NM_000518.5(HBB):c.12G>C (p.Leu4=),c.12G>C,,11,G,C,NM_000518.5(HBB):c.12G>C (p.Leu4=),likely benign,ClinVar_benign,ATGGTGCATCTCACTCCTGAGGAGAAGTCTGCAGTTTCTGCCCTGTGGGGCAAGGTGAACGTGGATGAAGTTGGTGGTGAGGCCCTGGGCAGGTTGGTATCAAGGTTACAAGACAGGTTTA,0,4
ClinVar_748718,HBB,NM_000518.5(HBB):c.90C>A (p.Gly30=),c.90C>A,,89,C,A,NM_000518.5(HBB):c.90C>A (p.Gly30=),likely benign,ClinVar_benign,ATGGTGCATCTGACTCCTGAGGAGAAGTCTGCCGTTACTGCCCTGTGGGGCAAGGTGAACGTGGATGAAGTTGGTGGTGAGGACCTGGGAAGGTTGGTATCAAGGTTACAAGACAGGTTTAAGGAGACCAATAGAAACTGGGCATGTGGAGACAGAGAAGACTCTTGGGTTTCTGATAGGCACTGACTCTCTCTGCCTA,0,4
ClinVar_599394,HBB,NM_000518.5(HBB):c.81G>C (p.Glu27Asp),c.81G>C,E27D,80,G,C,NM_000518.5(HBB):c.81G>C (p.Glu27Asp),pathogenic,ClinVar_pathogenic,ATGGTGCATCTGACTCCTGAGGAGAAGTCTGCCGTTACTGCCCTGTGGGGCAAGGTGAACGTGGATGAAGTTGGTGGTGACGCCCTGGGCAGGTTGGTATCAAGGTTACAAGACAGGTTTAAGGAGACCAATAGAAACTGGGCATGTGGAGACAGAGAAGACTCTTGGGTTTCTGATAGGCACT,1,4
ClinVar_590773,HBB,NM_000518.5(HBB):c.91A>C (p.Arg31=),c.91A>C,,90,A,C,NM_000518.5(HBB):c.91A>C (p.Arg31=),likely pathogenic,ClinVar_pathogenic,ATGGTGCATCTGACTCCTGAGGAGAAGTCTGCCGTTACTGCCCTGTGGGGCAAGGTGAACGTGGATGAAGTTGGTGGTGAGGCCCTGGGCCGGTTGGTATCAAGGTTACAAGACAGGTTTAAGGAGACCAATAGAAACTGGGCATGTGGAGACAGAGAAGACTCTTGGGTTTCTGATAGGCACTGACTCTCTCTGC,1,4
ClinVar_495999,HBB,NM_000518.5(HBB):c.39T>C (p.Thr13=),c.39T>C,,38,T,C,NM_000518.5(HBB):c.39T>C (p.Thr13=),likely benign,ClinVar_benign,ATGGTGCATCTGACTCCTGAGGAGAAGTCTGCCGTTACCGCCCTGTGGGGCAAGGTGAACGTGGATGAAGTTGGTGGTGAGGCCCTGGGCAGGTTGGTATCAAGGTTACAAGACAGGTTTAAGGAGACCAATAGAAAC,0,4
ClinVar_495994,HBB,NM_000518.5(HBB):c.6G>A (p.Val2=),c.6G>A,,5,G,A,NM_000518.5(HBB):c.6G>A (p.Val2=),likely benign,ClinVar_benign,ATGGTACATCTGACTCCTGAGGAGAAGTCTGCCGTTACTGCCCTGTGGGGCAAGGTGAACGTGGATGAAGTTGGTGGTGAGGCCCTGGGCAGGTTGGTATCAAGGTTACAAGACAG,0,4
ClinVar_495986,HBB,NM_000518.5(HBB):c.2T>A (p.Met1Lys),c.2T>A,M1K,1,T,A,NM_000518.5(HBB):c.2T>A (p.Met1Lys),pathogenic/likely pathogenic,ClinVar_pathogenic,AAGGTGCATCTGACTCCTGAGGAGAAGTCTGCCGTTACTGCCCTGTGGGGCAAGGTGAACGTGGATGAAGTTGGTGGTGAGGCCCTGGGCAGGTTGGTATCAAGGTTACA,1,4
ClinVar_446738,HBB,NM_000518.4(HBB):c.[20A>T;428C>T],c.20A>T,"E7V, A143V",19,A,T,NM_000518.4(HBB):c.[20A>T;428C>T],pathogenic,ClinVar_pathogenic,ATGGTGCATCTGACTGCTGTGGAGAAGTCTGCCGTTACTGCCCTGTGGGGCAAGGTGAACGTGGATGAAGTTGGTGGTGAGGCCCTGGGCAGGTTGGTATCAAGGTTACAAGACAGGTTTAAGGAGA,1,4
ClinVar_440467,HBB,NM_000518.5(HBB):c.45G>A (p.Leu15=),c.45G>A,,44,G,A,NM_000518.5(HBB):c.45G>A (p.Leu15=),likely benign,ClinVar_benign,ATGGTGCATCTGACTCCTGAGGAGAAGTCTGCCGTTACTGCCCTATGGGGCAAGGTGAACGTGGATGAAGTTGGTGGTGAGGCCCTGGGCAGGTTGGTATCAAGGTTACAAGACAGGTTTAAGGAGACCAATAGAAACTGGGCA,0,4
ClinVar_439781,HBB,NM_000518.5(HBB):c.84C>T (p.Ala28=),c.84C>T,,83,C,T,NM_000518.5(HBB):c.84C>T (p.Ala28=),likely benign,ClinVar_benign,ATGGTGCATCTGACTCCTGAGGAGAAGTCTGCCGTTACTGCCCTGTGGGGCAAGGTGAACGTGGATGAAGTTGGTGGTGAGGCTCTGGGCAGGTTGGTATCAAGGTTACAAGACAGGTTTAAGGAGACCAATAGAAACTGGGCATGTGGAGACAGAGAAGACTCTTGGGTTTCTGATAGGCACTGACTCT,0,4
ClinVar_439156,HBB,NM_000518.5(HBB):c.33C>T (p.Ala11=),c.33C>T,,32,C,T,NM_000518.5(HBB):c.33C>T (p.Ala11=),likely benign,ClinVar_benign,ATGGTGCATCTGACTCCTGAGGAGAAGTCTGCTGTTACTGCCCTGTGGGGCAAGGTGAACGTGGATGAAGTTGGTGGTGAGGCCCTGGGCAGGTTGGTATCAAGGTTACAAGACAGGTTTAATGAGACCAATAGAAAC,0,4
ClinVar_439140,HBB,NM_000518.5(HBB):c.1A>G (p.Met1Val),c.1A>G,M1V,0,A,G,NM_000518.5(HBB):c.1A>G (p.Met1Val),pathogenic,ClinVar_pathogenic,GTGGTGCATCTGACTCCTGAGGAGAAGTCTGCCGTTACTGCCCTGTGGGGCAAGGTGAACGTGGATGAAGTTGGTGGTGAGGCCCTGGGCAGGTTGGTATCAAGGTT,1,4
ClinVar_193106,HBB,NM_000518.5(HBB):c.9T>C (p.His3=),c.9T>C,,8,T,C,NM_000518.5(HBB):c.9T>C (p.His3=),benign,ClinVar_benign,ATGGTGCACCTGACTCCTGAGGAGAAGTCTGCCGTTACTGCCCTGTGGGGCAAGGTGAACGTGGATGAAGTTGGTGGTGAGGCCCTGGGCAGGTTGGTATCAAGGTTA,0,4
ClinVar_38650,HBB,NM_000518.5(HBB):c.79G>T (p.Glu27Ter),c.79G>T,E27*,78,G,T,NM_000518.5(HBB):c.79G>T (p.Glu27Ter),pathogenic,ClinVar_pathogenic,ATGGTGCCTCTGACTCCTGAGGAGAAGTCTGCCGTTACTGCCCTGTGGGGCAAGGTGAACGTGGATGAAGTTGGTGGTTAGGCCCTGGGCAGGTTGGTATCAAGGTTACAAGACAGGTTTAAGGAGACCAATAGAAACTGGGCATGTGGAGACAGAGAAGACTCTTGGGTTTCTGATAGGCACTGA,1,4
ClinVar_38646,HBB,NM_000518.5(HBB):c.48G>A (p.Trp16Ter),c.48G>A,W16*,47,G,A,NM_000518.5(HBB):c.48G>A (p.Trp16Ter),pathogenic,ClinVar_pathogenic,ATGGTGCATCTGACTCCTGAGGAGAAGTCTGCCGTTACTGCCCTGTGAGGCAAGGTGAACGTGGATGAAGTTGGTGGTGAGGCCCTGGGCAGGTTGGTATCAAGGTTACAAGACAGGTTTAAGGAGACCAATAGAAACTGGGCATGTGGAGACA,1,4
ClinVar_36337,HBB,NM_000518.5(HBB):c.92G>A (p.Arg31Lys),c.92G>A,R31K,91,G,A,NM_000518.5(HBB):c.92G>A (p.Arg31Lys),likely pathogenic,ClinVar_pathogenic,ATGGTGCATCTGACTCCTGAGGAGAAGTCTGCCGTTACTGCCCTGTGGGGCCAGGTGAACGTGGATGAAGTTGGTGGTGAGGCCCTGGGCAAGTTGGTATCAAGGTTACAAGACAGGTTTAAGGAGACCAATAGAAACTGGGCATGTGGAGACAGAGAAGACTCTTGGGTTTCTGATAGGCACTGACTC,1,4
ClinVar_36310,HBB,NM_000518.5(HBB):c.2T>C (p.Met1Thr),c.2T>C,M1T,1,T,C,NM_000518.5(HBB):c.2T>C (p.Met1Thr),pathogenic,ClinVar_pathogenic,ACGGTGCATCTGACTCCTGAGGAGAAGTCTGCCGTTACTGCCCTGTGGGGCAAGGTGAACGTGGATGAAGTTGGTGGTGAGGCCCTGGGCAGGT,1,4
ClinVar_15554,HBB,NM_000518.4(HBB):c.80A>G (p.Glu27Gly),c.80A>G,E27G,79,A,G,NM_000518.4(HBB):c.80A>G (p.Glu27Gly),pathogenic,ClinVar_pathogenic,ATGGTGCATCTGACTCCTGAGGAGAAGTCTGCCGTAACTGCCCTGTGGGGCAAGGTGAACGTGGATGAAGTTGGTGGTGGGGCCCTGGGCAGGTTGGTATCAAGGTTACAAGACAGGTTTAAGGAGACCAATAGAAACTGGGCATGTGGAGACAGAGAAGACTCTTGGGT,1,4
ClinVar_15519,HBB,NM_000518.5(HBB):c.3G>A (p.Met1Ile),c.3G>A,M1I,2,G,A,NM_000518.5(HBB):c.3G>A (p.Met1Ile),pathogenic,ClinVar_pathogenic,ATAGTGCATCTGACTCCTGAGGAGAAGTCTGCCGTTACTGCCCTGTGGGGCAAGGTGAACGTGGATGAAGTTGGTGGTGAGGCCCTGGGCAGGTTGGTATCAAG,1,4
ClinVar_15459,HBB,NM_000518.5(HBB):c.75T>A (p.Gly25=),c.75T>A,,74,T,A,NM_000518.5(HBB):c.75T>A (p.Gly25=),pathogenic/likely pathogenic,ClinVar_pathogenic,ATGGTGCATCTGACTCCTGAGGAGAAGTCTGCCGTTACTGCCCTGTGGGGCAAGGTGAACGTGGATGAAGTTGGAGGTGAGGCCCTGGGCAGGTTGGTATCAAGGTTACAAGACAGGTTTAAGGAGACCAATAGAAACTGGGCATGTGGAGACAGAGAAGACTCTTGGGTTTCTGATAGG,1,4
ClinVar_15434,HBB,NM_000518.5(HBB):c.2T>G (p.Met1Arg),c.2T>G,M1R,1,T,G,NM_000518.5(HBB):c.2T>G (p.Met1Arg),pathogenic,ClinVar_pathogenic,AGGGTGCATCTGACTCCTGAGGAGAAGTCTGCCGTTACTGCCCTGTGGGGCAAGGTGAACGTGGATGAAGTTGGTGGTGAGGCCCTGGGCAGGTTGGTATCAA,1,4
ClinVar_15403,HBB,NM_000518.5(HBB):c.47G>A (p.Trp16Ter),c.47G>A,W16*,46,G,A,NM_000518.5(HBB):c.47G>A (p.Trp16Ter),pathogenic,ClinVar_pathogenic,ATGGTGCATCTGACTCCTGAGGAGAAGTCTGCCGTTACTACCCTGTAGGGCAAGGTGAACGTGGATGAAGTTGGTGGTGAGGCCCTGGGCAGGTTGGTATCAAGGTTACAAGACAGGTTTAAGGAGACCAATAGAAACTGGGCATGT,1,4
ClinVar_15401,HBB,NM_000518.5(HBB):c.52A>T (p.Lys18Ter),c.52A>T,K18*,51,A,T,NM_000518.5(HBB):c.52A>T (p.Lys18Ter),pathogenic,ClinVar_pathogenic,ATGGTGCATCTGACTCCTGAGGAGAAGTCTGCCGTTACTGCCCTGTGGGGCTAGGTGAACGTGGATGAAGTTGGTGGTGAGGCCCTGGGCAGGTTGGTATCAAGGTTACAAGACAGGTTTAAGGAGACCAATAGAAACTGGGCATGT,1,4
ClinVar_15399,HBB,NM_000518.4(HBB):c.64G>T (p.Asp22Tyr),c.64G>T,D22Y,63,G,T,NM_000518.4(HBB):c.64G>T (p.Asp22Tyr),likely benign,ClinVar_benign,ATGGTGCATCTGACTCCTGAGGAGAAGTCTGCCGTTACTGCCCTGTGGGGCAAGGTGAACGTGTATGAAGTTGGTGGTGAGGCCCTGGGCAGGTTGGTATCAAGGTTACAAGACAGGTTTAAGGAGACCAATAGAAACTGGGCATGTGGAGACAGAG,0,4
ClinVar_15386,HBB,NM_000518.4(HBB):c.83C>A (p.Ala28Asp),c.83C>A,A28D,82,C,A,NM_000518.4(HBB):c.83C>A (p.Ala28Asp),pathogenic,ClinVar_pathogenic,ATGGTGCATCTGACTCCTGAGGAGAAGTCTGCCGTTACTGCCCTGTGGGGCAAGGTGAACGTGGATGAAGTTGGTGGTGAGGACCTGGGCAGGTTGGTATCAAGGTTACAAGACAGGTTTAAGGAGACCAATAGAAACTGGGCATGTGGAGACAGAGAAGACTCTTGGGTTTCT,1,4
ClinVar_15316,HBB,NM_000518.4(HBB):c.29C>G (p.Ser10Cys),c.29C>G,S10C,28,C,G,NM_000518.4(HBB):c.29C>G (p.Ser10Cys),benign/likely benign,ClinVar_benign,ATGGTGCATCTGACTCCTGAGGAGAAGTGTGCCGTTACTGCCCTGTGGGGCAAGGTGAACGTGGATGAAGTTGGTGGTGAGGCCCTGGGCAGGTTGGTATCAAGGTTACAAGACAGGTTTAAGGAGACCAATAGAAACT,0,4
ClinVar_15300,HBB,NM_000518.5(HBB):c.61G>A (p.Val21Met),c.61G>A,V21M,60,G,A,NM_000518.5(HBB):c.61G>A (p.Val21Met),pathogenic/likely pathogenic,ClinVar_pathogenic,ATGGTGCATCTGACTCCTGAGGAGAAGTCTGCCGTTACTGCCCTGTGGGGCAAGGTGAACATGGATGAAGTTGGTGGTGAGGCCCTGGGCAGGTTGGTATCAAGGTTACAAGACAGGTTTAAGGAGACCAATAGAAACTGGGCATGTGGAGACAGAGA,1,4
ClinVar_15296,HBB,NM_000518.5(HBB):c.9T>A (p.His3Gln),c.9T>A,H3Q,8,T,A,NM_000518.5(HBB):c.9T>A (p.His3Gln),likely benign,ClinVar_benign,ATGGTGCAACTGACTCCTGAGGAGAAGTCTGCCGTTACTGCCCTGTGGGGCAAGGTGAACGTGGATGAAGTTGGTGGTGAGGCCCTGGGCAGGTTGGTATCAAGGTTACA,0,4
ClinVar_15281,HBB,NM_000518.4(HBB):c.25A>G (p.Lys9Glu),c.25A>G,K9E,24,A,G,NM_000518.4(HBB):c.25A>G (p.Lys9Glu),pathogenic,ClinVar_pathogenic,ATGGTGCATCTGACTCCTGAGGAGGAGTCTGCCGTTACTGCCCTGTGGGGCAAGGTGAACGTGGATGAAGTTGGTGGTGAGGCCCTGGGCAGGTTGGTATCAAGGTTACAAGACAGG,1,4
ClinVar_15258,HBB,NM_000518.5(HBB):c.59A>G (p.Asn20Ser),c.59A>G,N20S,58,A,G,NM_000518.5(HBB):c.59A>G (p.Asn20Ser),pathogenic,ClinVar_pathogenic,ATGGTGCATCTGACTCCTGAGGAGAAGTCTGCCGTTACTGCCCTGTGGGGCAAGGTGAGCGTGGATGAAGTTGGTGGTGAGGCCCTGGCCAGGTTGGTATCAAGGTTACAAGACAGGTTTAAGGAGACCAATAGAAACTGGGCATGTGGA,1,4
ClinVar_15252,HBB,NM_000518.5(HBB):c.89G>A (p.Gly30Asp),c.89G>A,G30D,88,G,A,NM_000518.5(HBB):c.89G>A (p.Gly30Asp),likely pathogenic,ClinVar_pathogenic,ATGGTGCATCTGACTCCTGAGGAGAAGTCTGCCGTTACTGCCCTGTTGGGCAAGGTGAACGTGGATGAAGTTGGTGGTGAGGCCCTGGACAGGTTGGTATCAAGGTTACAAGACAGGTTTAAGGAGACCAATAGAAACTGGGCATGTGGAGACAGAGAAGACTCTTGGGTTTCTGATAGGCACTG,1,4
ClinVar_15239,HBB,NM_000518.5(HBB):c.82G>T (p.Ala28Ser),c.82G>T,A28S,81,G,T,NM_000518.5(HBB):c.82G>T (p.Ala28Ser),pathogenic,ClinVar_pathogenic,ATGGTGCATCTGACTCCTGAGGAGAAGTCTGCCGTTACTGTCCTGTGGGGCAAGGTGAACGTGGATGAAGTTGGTGGTGAGTCCCTGGGCAGGTTGGTATCAAGGTTACAAGACAGGTTTAAGGAGACCAATAGAAACTGGGCATGTGGAGACAGAGAAGACTCTTGGGTTTCTGATAGGCACTGACTCTCT,1,4
ClinVar_15234,HBB,NM_000518.4(HBB):c.92G>C (p.Arg31Thr),c.92G>C,R31T,91,G,C,NM_000518.4(HBB):c.92G>C (p.Arg31Thr),pathogenic,ClinVar_pathogenic,ATGGTGCATCTGACTCCTGAGGAGAAGTCTGCCGTTACTGCCCTGTGGGGCAAGGTGAACGTGGATGAAGTTGGTGGTGAGGCCCTGGGCACGTTGGTATCAAGGTTACAAGACAGGTTTAAGGAGACCAATAGAAACTGGGCATGTGGAGACAGAGAAGACTCTTGGGTTTCTGATACGCA,1,4
ClinVar_15183,HBB,NM_000518.4(HBB):c.86T>C (p.Leu29Pro),c.86T>C,L29P,85,T,C,NM_000518.4(HBB):c.86T>C (p.Leu29Pro),pathogenic,ClinVar_pathogenic,ATGGTGCATCTGACTCCTGAGGAGAAGTCTGCCGTTACTGCCCTGTGGGGCAAGGTGAACGTGGATGAAGTTGGTGGTGAGGCCCCGGGCAGGTTGGTATCAAGGTTACAAGACAGGTTTAAGGAGACCAATAGAAACTGGGCATGTGGAGACAGAGAAGACTCTTGGGTTTCTGATAGGCACTGAC,1,4
ClinVar_15176,HBB,NM_000518.4(HBB):c.23A>G (p.Glu8Gly),c.23A>G,E8G,22,A,G,NM_000518.4(HBB):c.23A>G (p.Glu8Gly),likely benign,ClinVar_benign,ATGGTGCATCTGACTCCTGAGGGGAAGTCTGCCGTTACTGCCCTGTGGGGCAAGGTGAACGTGGATGAAGTTGGTGGTGAGGCCCTGGGCAGGTTGGTATCAAGGTTACAAGACAGGTTTAAGGAGACCAATA,0,4
ClinVar_15175,HBB,NM_000518.4(HBB):c.20A>C (p.Glu7Ala),c.20A>C,E7A,19,A,C,NM_000518.4(HBB):c.20A>C (p.Glu7Ala),likely benign,ClinVar_benign,ATGGTGCATCTGACTCCTGCGGAGAAGTCTGCCGTTACTGCCCTGTGGGGCAAGGTGAACGTGGATGAAGTTGGTGGTGAGGCCCTGGGCAGGTAGGTATCAAGGTTACAAG,0,4
ClinVar_15126,HBB,NM_000518.4(HBB):c.19G>A (p.Glu7Lys),c.19G>A,E7K,18,G,A,NM_000518.4(HBB):c.19G>A (p.Glu7Lys),pathogenic/likely pathogenic,ClinVar_pathogenic,ATGGTGCATCTGACTCCTAAGGAGAAGTCTGCCGTTACTGCCCTGTGGGGCAAGGTGAACGTGGATGAAGTTGGTGGTGAGGCCCTGGGCAGGTTGGTATCAAGGTTACAAGACAGGTTTAA,1,4
